,0
0,-1.000000000000000000e+00
1,0.000000000000000000e+00
2,0.000000000000000000e+00
3,0.000000000000000000e+00
4,0.000000000000000000e+00
5,0.000000000000000000e+00
6,0.000000000000000000e+00
7,0.000000000000000000e+00
8,0.000000000000000000e+00
9,0.000000000000000000e+00
10,0.000000000000000000e+00
11,1.000000000000000000e+00
12,0.000000000000000000e+00
13,0.000000000000000000e+00
14,0.000000000000000000e+00
15,0.000000000000000000e+00
16,0.000000000000000000e+00
17,0.000000000000000000e+00
18,0.000000000000000000e+00
19,0.000000000000000000e+00
20,0.000000000000000000e+00
21,0.000000000000000000e+00
22,-1.000000000000000000e+00
23,0.000000000000000000e+00
24,0.000000000000000000e+00
25,0.000000000000000000e+00
26,0.000000000000000000e+00
27,0.000000000000000000e+00
28,0.000000000000000000e+00
29,0.000000000000000000e+00
30,0.000000000000000000e+00
31,0.000000000000000000e+00
32,0.000000000000000000e+00
33,-1.000000000000000000e+00
34,0.000000000000000000e+00
35,0.000000000000000000e+00
36,0.000000000000000000e+00
37,0.000000000000000000e+00
38,0.000000000000000000e+00
39,0.000000000000000000e+00
40,0.000000000000000000e+00
41,0.000000000000000000e+00
42,0.000000000000000000e+00
43,0.000000000000000000e+00
44,1.000000000000000000e+00
45,0.000000000000000000e+00
46,0.000000000000000000e+00
47,0.000000000000000000e+00
48,0.000000000000000000e+00
49,0.000000000000000000e+00
50,0.000000000000000000e+00
51,0.000000000000000000e+00
52,0.000000000000000000e+00
53,0.000000000000000000e+00
54,0.000000000000000000e+00
55,1.000000000000000000e+00
56,0.000000000000000000e+00
57,0.000000000000000000e+00
58,0.000000000000000000e+00
59,0.000000000000000000e+00
60,0.000000000000000000e+00
61,0.000000000000000000e+00
62,0.000000000000000000e+00
63,0.000000000000000000e+00
64,0.000000000000000000e+00
65,0.000000000000000000e+00
66,1.000000000000000000e+00
67,0.000000000000000000e+00
68,0.000000000000000000e+00
69,0.000000000000000000e+00
70,0.000000000000000000e+00
71,0.000000000000000000e+00
72,0.000000000000000000e+00
73,0.000000000000000000e+00
74,0.000000000000000000e+00
75,0.000000000000000000e+00
76,0.000000000000000000e+00
77,1.000000000000000000e+00
78,0.000000000000000000e+00
79,0.000000000000000000e+00
80,0.000000000000000000e+00
81,0.000000000000000000e+00
82,0.000000000000000000e+00
83,0.000000000000000000e+00
84,0.000000000000000000e+00
85,0.000000000000000000e+00
86,0.000000000000000000e+00
87,0.000000000000000000e+00
88,-1.000000000000000000e+00
89,0.000000000000000000e+00
90,0.000000000000000000e+00
91,0.000000000000000000e+00
92,0.000000000000000000e+00
93,0.000000000000000000e+00
94,0.000000000000000000e+00
95,0.000000000000000000e+00
96,0.000000000000000000e+00
97,0.000000000000000000e+00
98,0.000000000000000000e+00
99,4.039575639203880214e-02
100,0.000000000000000000e+00
101,0.000000000000000000e+00
102,0.000000000000000000e+00
103,0.000000000000000000e+00
104,0.000000000000000000e+00
105,0.000000000000000000e+00
106,0.000000000000000000e+00
107,0.000000000000000000e+00
108,0.000000000000000000e+00
109,2.359552644336881597e-02
110,0.000000000000000000e+00
111,0.000000000000000000e+00
112,0.000000000000000000e+00
113,0.000000000000000000e+00
114,0.000000000000000000e+00
115,0.000000000000000000e+00
116,0.000000000000000000e+00
117,0.000000000000000000e+00
118,0.000000000000000000e+00
119,-1.062093389002187298e-02
120,0.000000000000000000e+00
121,0.000000000000000000e+00
122,0.000000000000000000e+00
123,0.000000000000000000e+00
124,0.000000000000000000e+00
125,0.000000000000000000e+00
126,0.000000000000000000e+00
127,0.000000000000000000e+00
128,0.000000000000000000e+00
129,1.138309437782905782e-02
130,0.000000000000000000e+00
131,0.000000000000000000e+00
132,0.000000000000000000e+00
133,0.000000000000000000e+00
134,0.000000000000000000e+00
135,0.000000000000000000e+00
136,0.000000000000000000e+00
137,0.000000000000000000e+00
138,0.000000000000000000e+00
139,-9.582121484393682498e-02
140,0.000000000000000000e+00
141,0.000000000000000000e+00
142,0.000000000000000000e+00
143,0.000000000000000000e+00
144,0.000000000000000000e+00
145,0.000000000000000000e+00
146,0.000000000000000000e+00
147,0.000000000000000000e+00
148,0.000000000000000000e+00
149,4.981732943138008490e-02
150,0.000000000000000000e+00
151,0.000000000000000000e+00
152,0.000000000000000000e+00
153,0.000000000000000000e+00
154,0.000000000000000000e+00
155,0.000000000000000000e+00
156,0.000000000000000000e+00
157,0.000000000000000000e+00
158,0.000000000000000000e+00
159,5.925937058399527446e-02
160,0.000000000000000000e+00
161,0.000000000000000000e+00
162,0.000000000000000000e+00
163,0.000000000000000000e+00
164,0.000000000000000000e+00
165,0.000000000000000000e+00
166,0.000000000000000000e+00
167,0.000000000000000000e+00
168,0.000000000000000000e+00
169,-2.742959954718479990e-02
170,0.000000000000000000e+00
171,0.000000000000000000e+00
172,0.000000000000000000e+00
173,0.000000000000000000e+00
174,0.000000000000000000e+00
175,0.000000000000000000e+00
176,0.000000000000000000e+00
177,0.000000000000000000e+00
178,0.000000000000000000e+00
179,-6.073010446403388773e-02
180,0.000000000000000000e+00
181,0.000000000000000000e+00
182,0.000000000000000000e+00
183,0.000000000000000000e+00
184,0.000000000000000000e+00
185,0.000000000000000000e+00
186,0.000000000000000000e+00
187,0.000000000000000000e+00
188,0.000000000000000000e+00
189,9.663486694957289236e-02
190,0.000000000000000000e+00
191,0.000000000000000000e+00
192,0.000000000000000000e+00
193,0.000000000000000000e+00
194,0.000000000000000000e+00
195,0.000000000000000000e+00
196,0.000000000000000000e+00
197,0.000000000000000000e+00
198,0.000000000000000000e+00
199,1.760229493010301571e-01
200,0.000000000000000000e+00
201,0.000000000000000000e+00
202,0.000000000000000000e+00
203,0.000000000000000000e+00
204,0.000000000000000000e+00
205,0.000000000000000000e+00
206,0.000000000000000000e+00
207,0.000000000000000000e+00
208,0.000000000000000000e+00
209,4.945417714175608798e-02
210,0.000000000000000000e+00
211,0.000000000000000000e+00
212,0.000000000000000000e+00
213,0.000000000000000000e+00
214,0.000000000000000000e+00
215,0.000000000000000000e+00
216,0.000000000000000000e+00
217,0.000000000000000000e+00
218,0.000000000000000000e+00
219,1.126370014384299317e-01
220,0.000000000000000000e+00
221,0.000000000000000000e+00
222,0.000000000000000000e+00
223,0.000000000000000000e+00
224,0.000000000000000000e+00
225,0.000000000000000000e+00
226,0.000000000000000000e+00
227,0.000000000000000000e+00
228,0.000000000000000000e+00
229,5.454453028982864798e-02
230,0.000000000000000000e+00
231,0.000000000000000000e+00
232,0.000000000000000000e+00
233,0.000000000000000000e+00
234,0.000000000000000000e+00
235,0.000000000000000000e+00
236,0.000000000000000000e+00
237,0.000000000000000000e+00
238,0.000000000000000000e+00
239,6.503966412800757900e-03
240,0.000000000000000000e+00
241,0.000000000000000000e+00
242,0.000000000000000000e+00
243,0.000000000000000000e+00
244,0.000000000000000000e+00
245,0.000000000000000000e+00
246,0.000000000000000000e+00
247,0.000000000000000000e+00
248,0.000000000000000000e+00
249,-2.215784417184621033e-02
250,0.000000000000000000e+00
251,0.000000000000000000e+00
252,0.000000000000000000e+00
253,0.000000000000000000e+00
254,0.000000000000000000e+00
255,0.000000000000000000e+00
256,0.000000000000000000e+00
257,0.000000000000000000e+00
258,0.000000000000000000e+00
259,-3.714380250694632180e-02
260,0.000000000000000000e+00
261,0.000000000000000000e+00
262,0.000000000000000000e+00
263,0.000000000000000000e+00
264,0.000000000000000000e+00
265,0.000000000000000000e+00
266,0.000000000000000000e+00
267,0.000000000000000000e+00
268,0.000000000000000000e+00
269,1.962366888790000041e-01
270,0.000000000000000000e+00
271,0.000000000000000000e+00
272,0.000000000000000000e+00
273,0.000000000000000000e+00
274,0.000000000000000000e+00
275,0.000000000000000000e+00
276,0.000000000000000000e+00
277,0.000000000000000000e+00
278,0.000000000000000000e+00
279,1.522142440790915166e-02
280,0.000000000000000000e+00
281,0.000000000000000000e+00
282,0.000000000000000000e+00
283,0.000000000000000000e+00
284,0.000000000000000000e+00
285,0.000000000000000000e+00
286,0.000000000000000000e+00
287,0.000000000000000000e+00
288,0.000000000000000000e+00
289,6.628597613874862016e-02
290,0.000000000000000000e+00
291,0.000000000000000000e+00
292,0.000000000000000000e+00
293,0.000000000000000000e+00
294,0.000000000000000000e+00
295,0.000000000000000000e+00
296,0.000000000000000000e+00
297,0.000000000000000000e+00
298,0.000000000000000000e+00
299,-7.349451017337371717e-02
300,0.000000000000000000e+00
301,0.000000000000000000e+00
302,0.000000000000000000e+00
303,0.000000000000000000e+00
304,0.000000000000000000e+00
305,0.000000000000000000e+00
306,0.000000000000000000e+00
307,0.000000000000000000e+00
308,0.000000000000000000e+00
309,5.716268394202663611e-02
310,0.000000000000000000e+00
311,0.000000000000000000e+00
312,0.000000000000000000e+00
313,0.000000000000000000e+00
314,0.000000000000000000e+00
315,0.000000000000000000e+00
316,0.000000000000000000e+00
317,0.000000000000000000e+00
318,0.000000000000000000e+00
319,1.757032903904803267e-01
320,0.000000000000000000e+00
321,0.000000000000000000e+00
322,0.000000000000000000e+00
323,0.000000000000000000e+00
324,0.000000000000000000e+00
325,0.000000000000000000e+00
326,0.000000000000000000e+00
327,0.000000000000000000e+00
328,0.000000000000000000e+00
329,-2.731907639944553337e-02
330,0.000000000000000000e+00
331,0.000000000000000000e+00
332,0.000000000000000000e+00
333,0.000000000000000000e+00
334,0.000000000000000000e+00
335,0.000000000000000000e+00
336,0.000000000000000000e+00
337,0.000000000000000000e+00
338,0.000000000000000000e+00
339,1.337619146447835937e-02
340,0.000000000000000000e+00
341,0.000000000000000000e+00
342,0.000000000000000000e+00
343,0.000000000000000000e+00
344,0.000000000000000000e+00
345,0.000000000000000000e+00
346,0.000000000000000000e+00
347,0.000000000000000000e+00
348,0.000000000000000000e+00
349,-3.954599985160263398e-02
350,0.000000000000000000e+00
351,0.000000000000000000e+00
352,0.000000000000000000e+00
353,0.000000000000000000e+00
354,0.000000000000000000e+00
355,0.000000000000000000e+00
356,0.000000000000000000e+00
357,0.000000000000000000e+00
358,0.000000000000000000e+00
359,1.040378874251128988e-01
360,0.000000000000000000e+00
361,0.000000000000000000e+00
362,0.000000000000000000e+00
363,0.000000000000000000e+00
364,0.000000000000000000e+00
365,0.000000000000000000e+00
366,0.000000000000000000e+00
367,0.000000000000000000e+00
368,0.000000000000000000e+00
369,-1.637473271598230973e-01
370,0.000000000000000000e+00
371,0.000000000000000000e+00
372,0.000000000000000000e+00
373,0.000000000000000000e+00
374,0.000000000000000000e+00
375,0.000000000000000000e+00
376,0.000000000000000000e+00
377,0.000000000000000000e+00
378,0.000000000000000000e+00
379,7.707117948943856094e-03
380,0.000000000000000000e+00
381,0.000000000000000000e+00
382,0.000000000000000000e+00
383,0.000000000000000000e+00
384,0.000000000000000000e+00
385,0.000000000000000000e+00
386,0.000000000000000000e+00
387,0.000000000000000000e+00
388,0.000000000000000000e+00
389,1.171794717770532337e-03
390,0.000000000000000000e+00
391,0.000000000000000000e+00
392,0.000000000000000000e+00
393,0.000000000000000000e+00
394,0.000000000000000000e+00
395,0.000000000000000000e+00
396,0.000000000000000000e+00
397,0.000000000000000000e+00
398,0.000000000000000000e+00
399,3.521138345493484562e-02
400,0.000000000000000000e+00
401,0.000000000000000000e+00
402,0.000000000000000000e+00
403,0.000000000000000000e+00
404,0.000000000000000000e+00
405,0.000000000000000000e+00
406,0.000000000000000000e+00
407,0.000000000000000000e+00
408,0.000000000000000000e+00
409,-6.285789552516701795e-02
410,0.000000000000000000e+00
411,0.000000000000000000e+00
412,0.000000000000000000e+00
413,0.000000000000000000e+00
414,0.000000000000000000e+00
415,0.000000000000000000e+00
416,0.000000000000000000e+00
417,0.000000000000000000e+00
418,0.000000000000000000e+00
419,1.653275231535614870e-02
420,0.000000000000000000e+00
421,0.000000000000000000e+00
422,0.000000000000000000e+00
423,0.000000000000000000e+00
424,0.000000000000000000e+00
425,0.000000000000000000e+00
426,0.000000000000000000e+00
427,0.000000000000000000e+00
428,0.000000000000000000e+00
429,-6.946133270676585481e-02
430,0.000000000000000000e+00
431,0.000000000000000000e+00
432,0.000000000000000000e+00
433,0.000000000000000000e+00
434,0.000000000000000000e+00
435,0.000000000000000000e+00
436,0.000000000000000000e+00
437,0.000000000000000000e+00
438,0.000000000000000000e+00
439,-2.870967531571118683e-02
440,0.000000000000000000e+00
441,0.000000000000000000e+00
442,0.000000000000000000e+00
443,0.000000000000000000e+00
444,0.000000000000000000e+00
445,0.000000000000000000e+00
446,0.000000000000000000e+00
447,0.000000000000000000e+00
448,0.000000000000000000e+00
449,-5.746111322003462016e-03
450,0.000000000000000000e+00
451,0.000000000000000000e+00
452,0.000000000000000000e+00
453,0.000000000000000000e+00
454,0.000000000000000000e+00
455,0.000000000000000000e+00
456,0.000000000000000000e+00
457,0.000000000000000000e+00
458,0.000000000000000000e+00
459,-1.147740723396741408e-01
460,0.000000000000000000e+00
461,0.000000000000000000e+00
462,0.000000000000000000e+00
463,0.000000000000000000e+00
464,0.000000000000000000e+00
465,0.000000000000000000e+00
466,0.000000000000000000e+00
467,0.000000000000000000e+00
468,0.000000000000000000e+00
469,1.819682974794055094e-02
470,0.000000000000000000e+00
471,0.000000000000000000e+00
472,0.000000000000000000e+00
473,0.000000000000000000e+00
474,0.000000000000000000e+00
475,0.000000000000000000e+00
476,0.000000000000000000e+00
477,0.000000000000000000e+00
478,0.000000000000000000e+00
479,-5.377270232679090371e-03
480,0.000000000000000000e+00
481,0.000000000000000000e+00
482,0.000000000000000000e+00
483,0.000000000000000000e+00
484,0.000000000000000000e+00
485,0.000000000000000000e+00
486,0.000000000000000000e+00
487,0.000000000000000000e+00
488,0.000000000000000000e+00
489,7.988846538628094351e-02
490,0.000000000000000000e+00
491,0.000000000000000000e+00
492,0.000000000000000000e+00
493,0.000000000000000000e+00
494,0.000000000000000000e+00
495,0.000000000000000000e+00
496,0.000000000000000000e+00
497,0.000000000000000000e+00
498,0.000000000000000000e+00
499,1.176832664759108055e-02
500,0.000000000000000000e+00
501,0.000000000000000000e+00
502,0.000000000000000000e+00
503,0.000000000000000000e+00
504,0.000000000000000000e+00
505,0.000000000000000000e+00
506,0.000000000000000000e+00
507,0.000000000000000000e+00
508,0.000000000000000000e+00
509,-8.310153316193286122e-02
510,0.000000000000000000e+00
511,0.000000000000000000e+00
512,0.000000000000000000e+00
513,0.000000000000000000e+00
514,0.000000000000000000e+00
515,0.000000000000000000e+00
516,0.000000000000000000e+00
517,0.000000000000000000e+00
518,0.000000000000000000e+00
519,-7.665996614824754918e-02
520,0.000000000000000000e+00
521,0.000000000000000000e+00
522,0.000000000000000000e+00
523,0.000000000000000000e+00
524,0.000000000000000000e+00
525,0.000000000000000000e+00
526,0.000000000000000000e+00
527,0.000000000000000000e+00
528,0.000000000000000000e+00
529,4.197984358354143325e-02
530,0.000000000000000000e+00
531,0.000000000000000000e+00
532,0.000000000000000000e+00
533,0.000000000000000000e+00
534,0.000000000000000000e+00
535,0.000000000000000000e+00
536,0.000000000000000000e+00
537,0.000000000000000000e+00
538,0.000000000000000000e+00
539,4.526355208877039064e-03
540,0.000000000000000000e+00
541,0.000000000000000000e+00
542,0.000000000000000000e+00
543,0.000000000000000000e+00
544,0.000000000000000000e+00
545,0.000000000000000000e+00
546,0.000000000000000000e+00
547,0.000000000000000000e+00
548,0.000000000000000000e+00
549,-1.879478614837132994e-02
550,0.000000000000000000e+00
551,0.000000000000000000e+00
552,0.000000000000000000e+00
553,0.000000000000000000e+00
554,0.000000000000000000e+00
555,0.000000000000000000e+00
556,0.000000000000000000e+00
557,0.000000000000000000e+00
558,0.000000000000000000e+00
559,-3.075428711328240250e-02
560,0.000000000000000000e+00
561,0.000000000000000000e+00
562,0.000000000000000000e+00
563,0.000000000000000000e+00
564,0.000000000000000000e+00
565,0.000000000000000000e+00
566,0.000000000000000000e+00
567,0.000000000000000000e+00
568,0.000000000000000000e+00
569,-4.178032476613802865e-02
570,0.000000000000000000e+00
571,0.000000000000000000e+00
572,0.000000000000000000e+00
573,0.000000000000000000e+00
574,0.000000000000000000e+00
575,0.000000000000000000e+00
576,0.000000000000000000e+00
577,0.000000000000000000e+00
578,0.000000000000000000e+00
579,5.665558326610093363e-03
580,0.000000000000000000e+00
581,0.000000000000000000e+00
582,0.000000000000000000e+00
583,0.000000000000000000e+00
584,0.000000000000000000e+00
585,0.000000000000000000e+00
586,0.000000000000000000e+00
587,0.000000000000000000e+00
588,0.000000000000000000e+00
589,9.087955067483846627e-03
590,0.000000000000000000e+00
591,0.000000000000000000e+00
592,0.000000000000000000e+00
593,0.000000000000000000e+00
594,0.000000000000000000e+00
595,0.000000000000000000e+00
596,0.000000000000000000e+00
597,0.000000000000000000e+00
598,0.000000000000000000e+00
599,-7.222147878584928016e-02
600,0.000000000000000000e+00
601,0.000000000000000000e+00
602,0.000000000000000000e+00
603,0.000000000000000000e+00
604,0.000000000000000000e+00
605,0.000000000000000000e+00
606,0.000000000000000000e+00
607,0.000000000000000000e+00
608,0.000000000000000000e+00
609,-8.925158274527164592e-02
610,0.000000000000000000e+00
611,0.000000000000000000e+00
612,0.000000000000000000e+00
613,0.000000000000000000e+00
614,0.000000000000000000e+00
615,0.000000000000000000e+00
616,0.000000000000000000e+00
617,0.000000000000000000e+00
618,0.000000000000000000e+00
619,-9.208507463967313678e-02
620,0.000000000000000000e+00
621,0.000000000000000000e+00
622,0.000000000000000000e+00
623,0.000000000000000000e+00
624,0.000000000000000000e+00
625,0.000000000000000000e+00
626,0.000000000000000000e+00
627,0.000000000000000000e+00
628,0.000000000000000000e+00
629,-1.385671157832126833e-02
630,0.000000000000000000e+00
631,0.000000000000000000e+00
632,0.000000000000000000e+00
633,0.000000000000000000e+00
634,0.000000000000000000e+00
635,0.000000000000000000e+00
636,0.000000000000000000e+00
637,0.000000000000000000e+00
638,0.000000000000000000e+00
639,2.371125880822314708e-02
640,0.000000000000000000e+00
641,0.000000000000000000e+00
642,0.000000000000000000e+00
643,0.000000000000000000e+00
644,0.000000000000000000e+00
645,0.000000000000000000e+00
646,0.000000000000000000e+00
647,0.000000000000000000e+00
648,0.000000000000000000e+00
649,-7.775709055698076799e-02
650,0.000000000000000000e+00
651,0.000000000000000000e+00
652,0.000000000000000000e+00
653,0.000000000000000000e+00
654,0.000000000000000000e+00
655,0.000000000000000000e+00
656,0.000000000000000000e+00
657,0.000000000000000000e+00
658,0.000000000000000000e+00
659,4.363887573013222262e-03
660,0.000000000000000000e+00
661,0.000000000000000000e+00
662,0.000000000000000000e+00
663,0.000000000000000000e+00
664,0.000000000000000000e+00
665,0.000000000000000000e+00
666,0.000000000000000000e+00
667,0.000000000000000000e+00
668,0.000000000000000000e+00
669,1.224974076690993063e-01
670,0.000000000000000000e+00
671,0.000000000000000000e+00
672,0.000000000000000000e+00
673,0.000000000000000000e+00
674,0.000000000000000000e+00
675,0.000000000000000000e+00
676,0.000000000000000000e+00
677,0.000000000000000000e+00
678,0.000000000000000000e+00
679,4.380333021586750586e-02
680,0.000000000000000000e+00
681,0.000000000000000000e+00
682,0.000000000000000000e+00
683,0.000000000000000000e+00
684,0.000000000000000000e+00
685,0.000000000000000000e+00
686,0.000000000000000000e+00
687,0.000000000000000000e+00
688,0.000000000000000000e+00
689,3.704218412303733610e-02
690,0.000000000000000000e+00
691,0.000000000000000000e+00
692,0.000000000000000000e+00
693,0.000000000000000000e+00
694,0.000000000000000000e+00
695,0.000000000000000000e+00
696,0.000000000000000000e+00
697,0.000000000000000000e+00
698,0.000000000000000000e+00
699,9.141501284772073077e-02
700,0.000000000000000000e+00
701,0.000000000000000000e+00
702,0.000000000000000000e+00
703,0.000000000000000000e+00
704,0.000000000000000000e+00
705,0.000000000000000000e+00
706,0.000000000000000000e+00
707,0.000000000000000000e+00
708,0.000000000000000000e+00
709,4.527109242902403047e-02
710,0.000000000000000000e+00
711,0.000000000000000000e+00
712,0.000000000000000000e+00
713,0.000000000000000000e+00
714,0.000000000000000000e+00
715,0.000000000000000000e+00
716,0.000000000000000000e+00
717,0.000000000000000000e+00
718,0.000000000000000000e+00
719,-1.395484492257858741e-02
720,0.000000000000000000e+00
721,0.000000000000000000e+00
722,0.000000000000000000e+00
723,0.000000000000000000e+00
724,0.000000000000000000e+00
725,0.000000000000000000e+00
726,0.000000000000000000e+00
727,0.000000000000000000e+00
728,0.000000000000000000e+00
729,9.855388692955913132e-02
730,0.000000000000000000e+00
731,0.000000000000000000e+00
732,0.000000000000000000e+00
733,0.000000000000000000e+00
734,0.000000000000000000e+00
735,0.000000000000000000e+00
736,0.000000000000000000e+00
737,0.000000000000000000e+00
738,0.000000000000000000e+00
739,3.825055206818419457e-02
740,0.000000000000000000e+00
741,0.000000000000000000e+00
742,0.000000000000000000e+00
743,0.000000000000000000e+00
744,0.000000000000000000e+00
745,0.000000000000000000e+00
746,0.000000000000000000e+00
747,0.000000000000000000e+00
748,0.000000000000000000e+00
749,9.587298146217736444e-04
750,0.000000000000000000e+00
751,0.000000000000000000e+00
752,0.000000000000000000e+00
753,0.000000000000000000e+00
754,0.000000000000000000e+00
755,0.000000000000000000e+00
756,0.000000000000000000e+00
757,0.000000000000000000e+00
758,0.000000000000000000e+00
759,-1.907196689042858426e-02
760,0.000000000000000000e+00
761,0.000000000000000000e+00
762,0.000000000000000000e+00
763,0.000000000000000000e+00
764,0.000000000000000000e+00
765,0.000000000000000000e+00
766,0.000000000000000000e+00
767,0.000000000000000000e+00
768,0.000000000000000000e+00
769,-1.114767748215330853e-02
770,0.000000000000000000e+00
771,0.000000000000000000e+00
772,0.000000000000000000e+00
773,0.000000000000000000e+00
774,0.000000000000000000e+00
775,0.000000000000000000e+00
776,0.000000000000000000e+00
777,0.000000000000000000e+00
778,0.000000000000000000e+00
779,-2.780360968755268836e-02
780,0.000000000000000000e+00
781,0.000000000000000000e+00
782,0.000000000000000000e+00
783,0.000000000000000000e+00
784,0.000000000000000000e+00
785,0.000000000000000000e+00
786,0.000000000000000000e+00
787,0.000000000000000000e+00
788,0.000000000000000000e+00
789,2.085704335256715475e-02
790,0.000000000000000000e+00
791,0.000000000000000000e+00
792,0.000000000000000000e+00
793,0.000000000000000000e+00
794,0.000000000000000000e+00
795,0.000000000000000000e+00
796,0.000000000000000000e+00
797,0.000000000000000000e+00
798,0.000000000000000000e+00
799,2.025016989954973173e-02
800,0.000000000000000000e+00
801,0.000000000000000000e+00
802,0.000000000000000000e+00
803,0.000000000000000000e+00
804,0.000000000000000000e+00
805,0.000000000000000000e+00
806,0.000000000000000000e+00
807,0.000000000000000000e+00
808,0.000000000000000000e+00
809,-7.232235212118402756e-02
810,0.000000000000000000e+00
811,0.000000000000000000e+00
812,0.000000000000000000e+00
813,0.000000000000000000e+00
814,0.000000000000000000e+00
815,0.000000000000000000e+00
816,0.000000000000000000e+00
817,0.000000000000000000e+00
818,0.000000000000000000e+00
819,9.187856077213276892e-03
820,0.000000000000000000e+00
821,0.000000000000000000e+00
822,0.000000000000000000e+00
823,0.000000000000000000e+00
824,0.000000000000000000e+00
825,0.000000000000000000e+00
826,0.000000000000000000e+00
827,0.000000000000000000e+00
828,0.000000000000000000e+00
829,-9.031232152866876250e-02
830,0.000000000000000000e+00
831,0.000000000000000000e+00
832,0.000000000000000000e+00
833,0.000000000000000000e+00
834,0.000000000000000000e+00
835,0.000000000000000000e+00
836,0.000000000000000000e+00
837,0.000000000000000000e+00
838,0.000000000000000000e+00
839,-8.066072835123895557e-02
840,0.000000000000000000e+00
841,0.000000000000000000e+00
842,0.000000000000000000e+00
843,0.000000000000000000e+00
844,0.000000000000000000e+00
845,0.000000000000000000e+00
846,0.000000000000000000e+00
847,0.000000000000000000e+00
848,0.000000000000000000e+00
849,2.839380343716988234e-02
850,0.000000000000000000e+00
851,0.000000000000000000e+00
852,0.000000000000000000e+00
853,0.000000000000000000e+00
854,0.000000000000000000e+00
855,0.000000000000000000e+00
856,0.000000000000000000e+00
857,0.000000000000000000e+00
858,0.000000000000000000e+00
859,-5.917067644569146828e-02
860,0.000000000000000000e+00
861,0.000000000000000000e+00
862,0.000000000000000000e+00
863,0.000000000000000000e+00
864,0.000000000000000000e+00
865,0.000000000000000000e+00
866,0.000000000000000000e+00
867,0.000000000000000000e+00
868,0.000000000000000000e+00
869,9.923448284438952938e-03
870,0.000000000000000000e+00
871,0.000000000000000000e+00
872,0.000000000000000000e+00
873,0.000000000000000000e+00
874,0.000000000000000000e+00
875,0.000000000000000000e+00
876,0.000000000000000000e+00
877,0.000000000000000000e+00
878,0.000000000000000000e+00
879,4.575591898248852069e-02
880,0.000000000000000000e+00
881,0.000000000000000000e+00
882,0.000000000000000000e+00
883,0.000000000000000000e+00
884,0.000000000000000000e+00
885,0.000000000000000000e+00
886,0.000000000000000000e+00
887,0.000000000000000000e+00
888,0.000000000000000000e+00
889,-1.890096898913601331e-02
890,0.000000000000000000e+00
891,0.000000000000000000e+00
892,0.000000000000000000e+00
893,0.000000000000000000e+00
894,0.000000000000000000e+00
895,0.000000000000000000e+00
896,0.000000000000000000e+00
897,0.000000000000000000e+00
898,0.000000000000000000e+00
899,-2.418680213633794124e-02
900,0.000000000000000000e+00
901,0.000000000000000000e+00
902,0.000000000000000000e+00
903,0.000000000000000000e+00
904,0.000000000000000000e+00
905,0.000000000000000000e+00
906,0.000000000000000000e+00
907,0.000000000000000000e+00
908,0.000000000000000000e+00
909,-5.191035978719581861e-02
910,0.000000000000000000e+00
911,0.000000000000000000e+00
912,0.000000000000000000e+00
913,0.000000000000000000e+00
914,0.000000000000000000e+00
915,0.000000000000000000e+00
916,0.000000000000000000e+00
917,0.000000000000000000e+00
918,0.000000000000000000e+00
919,-2.775851382575333579e-02
920,0.000000000000000000e+00
921,0.000000000000000000e+00
922,0.000000000000000000e+00
923,0.000000000000000000e+00
924,0.000000000000000000e+00
925,0.000000000000000000e+00
926,0.000000000000000000e+00
927,0.000000000000000000e+00
928,0.000000000000000000e+00
929,4.692973148299924013e-03
930,0.000000000000000000e+00
931,0.000000000000000000e+00
932,0.000000000000000000e+00
933,0.000000000000000000e+00
934,0.000000000000000000e+00
935,0.000000000000000000e+00
936,0.000000000000000000e+00
937,0.000000000000000000e+00
938,0.000000000000000000e+00
939,-1.269441477063933954e-01
940,0.000000000000000000e+00
941,0.000000000000000000e+00
942,0.000000000000000000e+00
943,0.000000000000000000e+00
944,0.000000000000000000e+00
945,0.000000000000000000e+00
946,0.000000000000000000e+00
947,0.000000000000000000e+00
948,0.000000000000000000e+00
949,-2.533216990803970753e-02
950,0.000000000000000000e+00
951,0.000000000000000000e+00
952,0.000000000000000000e+00
953,0.000000000000000000e+00
954,0.000000000000000000e+00
955,0.000000000000000000e+00
956,0.000000000000000000e+00
957,0.000000000000000000e+00
958,0.000000000000000000e+00
959,-5.343599369090826917e-02
960,0.000000000000000000e+00
961,0.000000000000000000e+00
962,0.000000000000000000e+00
963,0.000000000000000000e+00
964,0.000000000000000000e+00
965,0.000000000000000000e+00
966,0.000000000000000000e+00
967,0.000000000000000000e+00
968,0.000000000000000000e+00
969,8.360005959467027570e-02
970,0.000000000000000000e+00
971,0.000000000000000000e+00
972,0.000000000000000000e+00
973,0.000000000000000000e+00
974,0.000000000000000000e+00
975,0.000000000000000000e+00
976,0.000000000000000000e+00
977,0.000000000000000000e+00
978,0.000000000000000000e+00
979,2.500854242601966565e-02
980,0.000000000000000000e+00
981,0.000000000000000000e+00
982,0.000000000000000000e+00
983,0.000000000000000000e+00
984,0.000000000000000000e+00
985,0.000000000000000000e+00
986,0.000000000000000000e+00
987,0.000000000000000000e+00
988,0.000000000000000000e+00
989,7.214107044393268386e-02
990,0.000000000000000000e+00
991,0.000000000000000000e+00
992,0.000000000000000000e+00
993,0.000000000000000000e+00
994,0.000000000000000000e+00
995,0.000000000000000000e+00
996,0.000000000000000000e+00
997,0.000000000000000000e+00
998,0.000000000000000000e+00
999,7.744025283166633411e-02
1000,0.000000000000000000e+00
1001,0.000000000000000000e+00
1002,0.000000000000000000e+00
1003,0.000000000000000000e+00
1004,0.000000000000000000e+00
1005,0.000000000000000000e+00
1006,0.000000000000000000e+00
1007,0.000000000000000000e+00
1008,0.000000000000000000e+00
1009,9.372908700535055593e-02
1010,0.000000000000000000e+00
1011,0.000000000000000000e+00
1012,0.000000000000000000e+00
1013,0.000000000000000000e+00
1014,0.000000000000000000e+00
1015,0.000000000000000000e+00
1016,0.000000000000000000e+00
1017,0.000000000000000000e+00
1018,0.000000000000000000e+00
1019,5.188607906916195556e-02
1020,0.000000000000000000e+00
1021,0.000000000000000000e+00
1022,0.000000000000000000e+00
1023,0.000000000000000000e+00
1024,0.000000000000000000e+00
1025,0.000000000000000000e+00
1026,0.000000000000000000e+00
1027,0.000000000000000000e+00
1028,0.000000000000000000e+00
1029,1.183051388941825377e-01
1030,0.000000000000000000e+00
1031,0.000000000000000000e+00
1032,0.000000000000000000e+00
1033,0.000000000000000000e+00
1034,0.000000000000000000e+00
1035,0.000000000000000000e+00
1036,0.000000000000000000e+00
1037,0.000000000000000000e+00
1038,0.000000000000000000e+00
1039,1.422875055842184044e-01
1040,0.000000000000000000e+00
1041,0.000000000000000000e+00
1042,0.000000000000000000e+00
1043,0.000000000000000000e+00
1044,0.000000000000000000e+00
1045,0.000000000000000000e+00
1046,0.000000000000000000e+00
1047,0.000000000000000000e+00
1048,0.000000000000000000e+00
1049,-7.934617392135344394e-02
1050,0.000000000000000000e+00
1051,0.000000000000000000e+00
1052,0.000000000000000000e+00
1053,0.000000000000000000e+00
1054,0.000000000000000000e+00
1055,0.000000000000000000e+00
1056,0.000000000000000000e+00
1057,0.000000000000000000e+00
1058,0.000000000000000000e+00
1059,5.123312097217735256e-02
1060,0.000000000000000000e+00
1061,0.000000000000000000e+00
1062,0.000000000000000000e+00
1063,0.000000000000000000e+00
1064,0.000000000000000000e+00
1065,0.000000000000000000e+00
1066,0.000000000000000000e+00
1067,0.000000000000000000e+00
1068,0.000000000000000000e+00
1069,1.065739404902281851e-03
1070,0.000000000000000000e+00
1071,0.000000000000000000e+00
1072,0.000000000000000000e+00
1073,0.000000000000000000e+00
1074,0.000000000000000000e+00
1075,0.000000000000000000e+00
1076,0.000000000000000000e+00
1077,0.000000000000000000e+00
1078,0.000000000000000000e+00
1079,5.704098133147324917e-02
1080,0.000000000000000000e+00
1081,0.000000000000000000e+00
1082,0.000000000000000000e+00
1083,0.000000000000000000e+00
1084,0.000000000000000000e+00
1085,0.000000000000000000e+00
1086,0.000000000000000000e+00
1087,0.000000000000000000e+00
1088,0.000000000000000000e+00
1089,-1.143248281381025050e-01
1090,0.000000000000000000e+00
1091,0.000000000000000000e+00
1092,0.000000000000000000e+00
1093,0.000000000000000000e+00
1094,0.000000000000000000e+00
1095,0.000000000000000000e+00
1096,0.000000000000000000e+00
1097,0.000000000000000000e+00
1098,0.000000000000000000e+00
1099,1.206071075141059018e-01
1100,0.000000000000000000e+00
1101,0.000000000000000000e+00
1102,0.000000000000000000e+00
1103,0.000000000000000000e+00
1104,0.000000000000000000e+00
1105,0.000000000000000000e+00
1106,0.000000000000000000e+00
1107,0.000000000000000000e+00
1108,0.000000000000000000e+00
1109,1.689619177747369791e-02
1110,0.000000000000000000e+00
1111,0.000000000000000000e+00
1112,0.000000000000000000e+00
1113,0.000000000000000000e+00
1114,0.000000000000000000e+00
1115,0.000000000000000000e+00
1116,0.000000000000000000e+00
1117,0.000000000000000000e+00
1118,0.000000000000000000e+00
1119,1.279377588477151884e-01
1120,0.000000000000000000e+00
1121,0.000000000000000000e+00
1122,0.000000000000000000e+00
1123,0.000000000000000000e+00
1124,0.000000000000000000e+00
1125,0.000000000000000000e+00
1126,0.000000000000000000e+00
1127,0.000000000000000000e+00
1128,0.000000000000000000e+00
1129,-6.452108116388653725e-02
1130,0.000000000000000000e+00
1131,0.000000000000000000e+00
1132,0.000000000000000000e+00
1133,0.000000000000000000e+00
1134,0.000000000000000000e+00
1135,0.000000000000000000e+00
1136,0.000000000000000000e+00
1137,0.000000000000000000e+00
1138,0.000000000000000000e+00
1139,1.101581017577421689e-01
1140,0.000000000000000000e+00
1141,0.000000000000000000e+00
1142,0.000000000000000000e+00
1143,0.000000000000000000e+00
1144,0.000000000000000000e+00
1145,0.000000000000000000e+00
1146,0.000000000000000000e+00
1147,0.000000000000000000e+00
1148,0.000000000000000000e+00
1149,4.571367280822968143e-02
1150,0.000000000000000000e+00
1151,0.000000000000000000e+00
1152,0.000000000000000000e+00
1153,0.000000000000000000e+00
1154,0.000000000000000000e+00
1155,0.000000000000000000e+00
1156,0.000000000000000000e+00
1157,0.000000000000000000e+00
1158,0.000000000000000000e+00
1159,3.359761433423526233e-02
1160,0.000000000000000000e+00
1161,0.000000000000000000e+00
1162,0.000000000000000000e+00
1163,0.000000000000000000e+00
1164,0.000000000000000000e+00
1165,0.000000000000000000e+00
1166,0.000000000000000000e+00
1167,0.000000000000000000e+00
1168,0.000000000000000000e+00
1169,-1.910138983606503998e-02
1170,0.000000000000000000e+00
1171,0.000000000000000000e+00
1172,0.000000000000000000e+00
1173,0.000000000000000000e+00
1174,0.000000000000000000e+00
1175,0.000000000000000000e+00
1176,0.000000000000000000e+00
1177,0.000000000000000000e+00
1178,0.000000000000000000e+00
1179,5.504017489198984037e-02
1180,0.000000000000000000e+00
1181,0.000000000000000000e+00
1182,0.000000000000000000e+00
1183,0.000000000000000000e+00
1184,0.000000000000000000e+00
1185,0.000000000000000000e+00
1186,0.000000000000000000e+00
1187,0.000000000000000000e+00
1188,0.000000000000000000e+00
1189,-1.080519382181933524e-01
1190,0.000000000000000000e+00
1191,0.000000000000000000e+00
1192,0.000000000000000000e+00
1193,0.000000000000000000e+00
1194,0.000000000000000000e+00
1195,0.000000000000000000e+00
1196,0.000000000000000000e+00
1197,0.000000000000000000e+00
1198,0.000000000000000000e+00
1199,-1.119177262758643820e-01
1200,0.000000000000000000e+00
1201,0.000000000000000000e+00
1202,0.000000000000000000e+00
1203,0.000000000000000000e+00
1204,0.000000000000000000e+00
1205,0.000000000000000000e+00
1206,0.000000000000000000e+00
1207,0.000000000000000000e+00
1208,0.000000000000000000e+00
1209,-4.344206699093820789e-03
1210,0.000000000000000000e+00
1211,0.000000000000000000e+00
1212,0.000000000000000000e+00
1213,0.000000000000000000e+00
1214,0.000000000000000000e+00
1215,0.000000000000000000e+00
1216,0.000000000000000000e+00
1217,0.000000000000000000e+00
1218,0.000000000000000000e+00
1219,1.707206588651172599e-02
1220,0.000000000000000000e+00
1221,0.000000000000000000e+00
1222,0.000000000000000000e+00
1223,0.000000000000000000e+00
1224,0.000000000000000000e+00
1225,0.000000000000000000e+00
1226,0.000000000000000000e+00
1227,0.000000000000000000e+00
1228,0.000000000000000000e+00
1229,-2.163549166690926541e-03
1230,0.000000000000000000e+00
1231,0.000000000000000000e+00
1232,0.000000000000000000e+00
1233,0.000000000000000000e+00
1234,0.000000000000000000e+00
1235,0.000000000000000000e+00
1236,0.000000000000000000e+00
1237,0.000000000000000000e+00
1238,0.000000000000000000e+00
1239,-2.619037127616165653e-02
1240,0.000000000000000000e+00
1241,0.000000000000000000e+00
1242,0.000000000000000000e+00
1243,0.000000000000000000e+00
1244,0.000000000000000000e+00
1245,0.000000000000000000e+00
1246,0.000000000000000000e+00
1247,0.000000000000000000e+00
1248,0.000000000000000000e+00
1249,5.285763050470674435e-02
1250,0.000000000000000000e+00
1251,0.000000000000000000e+00
1252,0.000000000000000000e+00
1253,0.000000000000000000e+00
1254,0.000000000000000000e+00
1255,0.000000000000000000e+00
1256,0.000000000000000000e+00
1257,0.000000000000000000e+00
1258,0.000000000000000000e+00
1259,-8.682045441859452886e-03
1260,0.000000000000000000e+00
1261,0.000000000000000000e+00
1262,0.000000000000000000e+00
1263,0.000000000000000000e+00
1264,0.000000000000000000e+00
1265,0.000000000000000000e+00
1266,0.000000000000000000e+00
1267,0.000000000000000000e+00
1268,0.000000000000000000e+00
1269,-2.230673574140104587e-02
1270,0.000000000000000000e+00
1271,0.000000000000000000e+00
1272,0.000000000000000000e+00
1273,0.000000000000000000e+00
1274,0.000000000000000000e+00
1275,0.000000000000000000e+00
1276,0.000000000000000000e+00
1277,0.000000000000000000e+00
1278,0.000000000000000000e+00
1279,5.627542387071270136e-02
1280,0.000000000000000000e+00
1281,0.000000000000000000e+00
1282,0.000000000000000000e+00
1283,0.000000000000000000e+00
1284,0.000000000000000000e+00
1285,0.000000000000000000e+00
1286,0.000000000000000000e+00
1287,0.000000000000000000e+00
1288,0.000000000000000000e+00
1289,5.724890639122899583e-02
1290,0.000000000000000000e+00
1291,0.000000000000000000e+00
1292,0.000000000000000000e+00
1293,0.000000000000000000e+00
1294,0.000000000000000000e+00
1295,0.000000000000000000e+00
1296,0.000000000000000000e+00
1297,0.000000000000000000e+00
1298,0.000000000000000000e+00
1299,-1.427386748733869455e-02
1300,0.000000000000000000e+00
1301,0.000000000000000000e+00
1302,0.000000000000000000e+00
1303,0.000000000000000000e+00
1304,0.000000000000000000e+00
1305,0.000000000000000000e+00
1306,0.000000000000000000e+00
1307,0.000000000000000000e+00
1308,0.000000000000000000e+00
1309,-5.282787209918961280e-02
1310,0.000000000000000000e+00
1311,0.000000000000000000e+00
1312,0.000000000000000000e+00
1313,0.000000000000000000e+00
1314,0.000000000000000000e+00
1315,0.000000000000000000e+00
1316,0.000000000000000000e+00
1317,0.000000000000000000e+00
1318,0.000000000000000000e+00
1319,-6.284849477157275488e-02
1320,0.000000000000000000e+00
1321,0.000000000000000000e+00
1322,0.000000000000000000e+00
1323,0.000000000000000000e+00
1324,0.000000000000000000e+00
1325,0.000000000000000000e+00
1326,0.000000000000000000e+00
1327,0.000000000000000000e+00
1328,0.000000000000000000e+00
1329,-2.344331941988008275e-02
1330,0.000000000000000000e+00
1331,0.000000000000000000e+00
1332,0.000000000000000000e+00
1333,0.000000000000000000e+00
1334,0.000000000000000000e+00
1335,0.000000000000000000e+00
1336,0.000000000000000000e+00
1337,0.000000000000000000e+00
1338,0.000000000000000000e+00
1339,1.556039427046529144e-01
1340,0.000000000000000000e+00
1341,0.000000000000000000e+00
1342,0.000000000000000000e+00
1343,0.000000000000000000e+00
1344,0.000000000000000000e+00
1345,0.000000000000000000e+00
1346,0.000000000000000000e+00
1347,0.000000000000000000e+00
1348,0.000000000000000000e+00
1349,4.508188129675189115e-02
1350,0.000000000000000000e+00
1351,0.000000000000000000e+00
1352,0.000000000000000000e+00
1353,0.000000000000000000e+00
1354,0.000000000000000000e+00
1355,0.000000000000000000e+00
1356,0.000000000000000000e+00
1357,0.000000000000000000e+00
1358,0.000000000000000000e+00
1359,-5.594608794456572276e-02
1360,0.000000000000000000e+00
1361,0.000000000000000000e+00
1362,0.000000000000000000e+00
1363,0.000000000000000000e+00
1364,0.000000000000000000e+00
1365,0.000000000000000000e+00
1366,0.000000000000000000e+00
1367,0.000000000000000000e+00
1368,0.000000000000000000e+00
1369,1.503549936552132406e-02
1370,0.000000000000000000e+00
1371,0.000000000000000000e+00
1372,0.000000000000000000e+00
1373,0.000000000000000000e+00
1374,0.000000000000000000e+00
1375,0.000000000000000000e+00
1376,0.000000000000000000e+00
1377,0.000000000000000000e+00
1378,0.000000000000000000e+00
1379,1.274394820044544643e-02
1380,0.000000000000000000e+00
1381,0.000000000000000000e+00
1382,0.000000000000000000e+00
1383,0.000000000000000000e+00
1384,0.000000000000000000e+00
1385,0.000000000000000000e+00
1386,0.000000000000000000e+00
1387,0.000000000000000000e+00
1388,0.000000000000000000e+00
1389,4.257325068052835587e-02
1390,0.000000000000000000e+00
1391,0.000000000000000000e+00
1392,0.000000000000000000e+00
1393,0.000000000000000000e+00
1394,0.000000000000000000e+00
1395,0.000000000000000000e+00
1396,0.000000000000000000e+00
1397,0.000000000000000000e+00
1398,0.000000000000000000e+00
1399,5.053748945925062505e-04
1400,0.000000000000000000e+00
1401,0.000000000000000000e+00
1402,0.000000000000000000e+00
1403,0.000000000000000000e+00
1404,0.000000000000000000e+00
1405,0.000000000000000000e+00
1406,0.000000000000000000e+00
1407,0.000000000000000000e+00
1408,0.000000000000000000e+00
1409,7.023554321922197141e-02
1410,0.000000000000000000e+00
1411,0.000000000000000000e+00
1412,0.000000000000000000e+00
1413,0.000000000000000000e+00
1414,0.000000000000000000e+00
1415,0.000000000000000000e+00
1416,0.000000000000000000e+00
1417,0.000000000000000000e+00
1418,0.000000000000000000e+00
1419,-6.339948166136853691e-02
1420,0.000000000000000000e+00
1421,0.000000000000000000e+00
1422,0.000000000000000000e+00
1423,0.000000000000000000e+00
1424,0.000000000000000000e+00
1425,0.000000000000000000e+00
1426,0.000000000000000000e+00
1427,0.000000000000000000e+00
1428,0.000000000000000000e+00
1429,4.988148239616011642e-02
1430,0.000000000000000000e+00
1431,0.000000000000000000e+00
1432,0.000000000000000000e+00
1433,0.000000000000000000e+00
1434,0.000000000000000000e+00
1435,0.000000000000000000e+00
1436,0.000000000000000000e+00
1437,0.000000000000000000e+00
1438,0.000000000000000000e+00
1439,2.142267516625477597e-02
1440,0.000000000000000000e+00
1441,0.000000000000000000e+00
1442,0.000000000000000000e+00
1443,0.000000000000000000e+00
1444,0.000000000000000000e+00
1445,0.000000000000000000e+00
1446,0.000000000000000000e+00
1447,0.000000000000000000e+00
1448,0.000000000000000000e+00
1449,8.123246942214824157e-03
1450,0.000000000000000000e+00
1451,0.000000000000000000e+00
1452,0.000000000000000000e+00
1453,0.000000000000000000e+00
1454,0.000000000000000000e+00
1455,0.000000000000000000e+00
1456,0.000000000000000000e+00
1457,0.000000000000000000e+00
1458,0.000000000000000000e+00
1459,8.719452421881128401e-02
1460,0.000000000000000000e+00
1461,0.000000000000000000e+00
1462,0.000000000000000000e+00
1463,0.000000000000000000e+00
1464,0.000000000000000000e+00
1465,0.000000000000000000e+00
1466,0.000000000000000000e+00
1467,0.000000000000000000e+00
1468,0.000000000000000000e+00
1469,-5.846751042918162805e-02
1470,0.000000000000000000e+00
1471,0.000000000000000000e+00
1472,0.000000000000000000e+00
1473,0.000000000000000000e+00
1474,0.000000000000000000e+00
1475,0.000000000000000000e+00
1476,0.000000000000000000e+00
1477,0.000000000000000000e+00
1478,0.000000000000000000e+00
1479,2.876834144533347778e-02
1480,0.000000000000000000e+00
1481,0.000000000000000000e+00
1482,0.000000000000000000e+00
1483,0.000000000000000000e+00
1484,0.000000000000000000e+00
1485,0.000000000000000000e+00
1486,0.000000000000000000e+00
1487,0.000000000000000000e+00
1488,0.000000000000000000e+00
1489,8.870213610918896430e-02
1490,0.000000000000000000e+00
1491,0.000000000000000000e+00
1492,0.000000000000000000e+00
1493,0.000000000000000000e+00
1494,0.000000000000000000e+00
1495,0.000000000000000000e+00
1496,0.000000000000000000e+00
1497,0.000000000000000000e+00
1498,0.000000000000000000e+00
1499,5.877530803076153748e-02
1500,0.000000000000000000e+00
1501,0.000000000000000000e+00
1502,0.000000000000000000e+00
1503,0.000000000000000000e+00
1504,0.000000000000000000e+00
1505,0.000000000000000000e+00
1506,0.000000000000000000e+00
1507,0.000000000000000000e+00
1508,0.000000000000000000e+00
1509,-1.584859857881515399e-01
1510,0.000000000000000000e+00
1511,0.000000000000000000e+00
1512,0.000000000000000000e+00
1513,0.000000000000000000e+00
1514,0.000000000000000000e+00
1515,0.000000000000000000e+00
1516,0.000000000000000000e+00
1517,0.000000000000000000e+00
1518,0.000000000000000000e+00
1519,-1.615655242553336660e-02
1520,0.000000000000000000e+00
1521,0.000000000000000000e+00
1522,0.000000000000000000e+00
1523,0.000000000000000000e+00
1524,0.000000000000000000e+00
1525,0.000000000000000000e+00
1526,0.000000000000000000e+00
1527,0.000000000000000000e+00
1528,0.000000000000000000e+00
1529,1.483335819102706010e-02
1530,0.000000000000000000e+00
1531,0.000000000000000000e+00
1532,0.000000000000000000e+00
1533,0.000000000000000000e+00
1534,0.000000000000000000e+00
1535,0.000000000000000000e+00
1536,0.000000000000000000e+00
1537,0.000000000000000000e+00
1538,0.000000000000000000e+00
1539,-7.647616099330873697e-03
1540,0.000000000000000000e+00
1541,0.000000000000000000e+00
1542,0.000000000000000000e+00
1543,0.000000000000000000e+00
1544,0.000000000000000000e+00
1545,0.000000000000000000e+00
1546,0.000000000000000000e+00
1547,0.000000000000000000e+00
1548,0.000000000000000000e+00
1549,-4.490513598238325688e-02
1550,0.000000000000000000e+00
1551,0.000000000000000000e+00
1552,0.000000000000000000e+00
1553,0.000000000000000000e+00
1554,0.000000000000000000e+00
1555,0.000000000000000000e+00
1556,0.000000000000000000e+00
1557,0.000000000000000000e+00
1558,0.000000000000000000e+00
1559,-6.446307471839389514e-02
1560,0.000000000000000000e+00
1561,0.000000000000000000e+00
1562,0.000000000000000000e+00
1563,0.000000000000000000e+00
1564,0.000000000000000000e+00
1565,0.000000000000000000e+00
1566,0.000000000000000000e+00
1567,0.000000000000000000e+00
1568,0.000000000000000000e+00
1569,-8.857290209727707725e-03
1570,0.000000000000000000e+00
1571,0.000000000000000000e+00
1572,0.000000000000000000e+00
1573,0.000000000000000000e+00
1574,0.000000000000000000e+00
1575,0.000000000000000000e+00
1576,0.000000000000000000e+00
1577,0.000000000000000000e+00
1578,0.000000000000000000e+00
1579,-5.938344703911457856e-02
1580,0.000000000000000000e+00
1581,0.000000000000000000e+00
1582,0.000000000000000000e+00
1583,0.000000000000000000e+00
1584,0.000000000000000000e+00
1585,0.000000000000000000e+00
1586,0.000000000000000000e+00
1587,0.000000000000000000e+00
1588,0.000000000000000000e+00
1589,6.431973897445768251e-02
1590,0.000000000000000000e+00
1591,0.000000000000000000e+00
1592,0.000000000000000000e+00
1593,0.000000000000000000e+00
1594,0.000000000000000000e+00
1595,0.000000000000000000e+00
1596,0.000000000000000000e+00
1597,0.000000000000000000e+00
1598,0.000000000000000000e+00
1599,-5.555807433143674506e-02
1600,0.000000000000000000e+00
1601,0.000000000000000000e+00
1602,0.000000000000000000e+00
1603,0.000000000000000000e+00
1604,0.000000000000000000e+00
1605,0.000000000000000000e+00
1606,0.000000000000000000e+00
1607,0.000000000000000000e+00
1608,0.000000000000000000e+00
1609,-4.809036469285852405e-03
1610,0.000000000000000000e+00
1611,0.000000000000000000e+00
1612,0.000000000000000000e+00
1613,0.000000000000000000e+00
1614,0.000000000000000000e+00
1615,0.000000000000000000e+00
1616,0.000000000000000000e+00
1617,0.000000000000000000e+00
1618,0.000000000000000000e+00
1619,-2.167005785281101229e-02
1620,0.000000000000000000e+00
1621,0.000000000000000000e+00
1622,0.000000000000000000e+00
1623,0.000000000000000000e+00
1624,0.000000000000000000e+00
1625,0.000000000000000000e+00
1626,0.000000000000000000e+00
1627,0.000000000000000000e+00
1628,0.000000000000000000e+00
1629,-9.928748014435027219e-03
1630,0.000000000000000000e+00
1631,0.000000000000000000e+00
1632,0.000000000000000000e+00
1633,0.000000000000000000e+00
1634,0.000000000000000000e+00
1635,0.000000000000000000e+00
1636,0.000000000000000000e+00
1637,0.000000000000000000e+00
1638,0.000000000000000000e+00
1639,1.516254609970030514e-03
1640,0.000000000000000000e+00
1641,0.000000000000000000e+00
1642,0.000000000000000000e+00
1643,0.000000000000000000e+00
1644,0.000000000000000000e+00
1645,0.000000000000000000e+00
1646,0.000000000000000000e+00
1647,0.000000000000000000e+00
1648,0.000000000000000000e+00
1649,2.677078103975346485e-02
1650,0.000000000000000000e+00
1651,0.000000000000000000e+00
1652,0.000000000000000000e+00
1653,0.000000000000000000e+00
1654,0.000000000000000000e+00
1655,0.000000000000000000e+00
1656,0.000000000000000000e+00
1657,0.000000000000000000e+00
1658,0.000000000000000000e+00
1659,3.546168516890533390e-02
1660,0.000000000000000000e+00
1661,0.000000000000000000e+00
1662,0.000000000000000000e+00
1663,0.000000000000000000e+00
1664,0.000000000000000000e+00
1665,0.000000000000000000e+00
1666,0.000000000000000000e+00
1667,0.000000000000000000e+00
1668,0.000000000000000000e+00
1669,-5.906714888489308923e-02
1670,0.000000000000000000e+00
1671,0.000000000000000000e+00
1672,0.000000000000000000e+00
1673,0.000000000000000000e+00
1674,0.000000000000000000e+00
1675,0.000000000000000000e+00
1676,0.000000000000000000e+00
1677,0.000000000000000000e+00
1678,0.000000000000000000e+00
1679,-1.042179659609484832e-01
1680,0.000000000000000000e+00
1681,0.000000000000000000e+00
1682,0.000000000000000000e+00
1683,0.000000000000000000e+00
1684,0.000000000000000000e+00
1685,0.000000000000000000e+00
1686,0.000000000000000000e+00
1687,0.000000000000000000e+00
1688,0.000000000000000000e+00
1689,-1.618642199408779070e-02
1690,0.000000000000000000e+00
1691,0.000000000000000000e+00
1692,0.000000000000000000e+00
1693,0.000000000000000000e+00
1694,0.000000000000000000e+00
1695,0.000000000000000000e+00
1696,0.000000000000000000e+00
1697,0.000000000000000000e+00
1698,0.000000000000000000e+00
1699,1.413118208535024505e-02
1700,0.000000000000000000e+00
1701,0.000000000000000000e+00
1702,0.000000000000000000e+00
1703,0.000000000000000000e+00
1704,0.000000000000000000e+00
1705,0.000000000000000000e+00
1706,0.000000000000000000e+00
1707,0.000000000000000000e+00
1708,0.000000000000000000e+00
1709,1.060117452358000090e-01
1710,0.000000000000000000e+00
1711,0.000000000000000000e+00
1712,0.000000000000000000e+00
1713,0.000000000000000000e+00
1714,0.000000000000000000e+00
1715,0.000000000000000000e+00
1716,0.000000000000000000e+00
1717,0.000000000000000000e+00
1718,0.000000000000000000e+00
1719,5.451038529823172378e-03
1720,0.000000000000000000e+00
1721,0.000000000000000000e+00
1722,0.000000000000000000e+00
1723,0.000000000000000000e+00
1724,0.000000000000000000e+00
1725,0.000000000000000000e+00
1726,0.000000000000000000e+00
1727,0.000000000000000000e+00
1728,0.000000000000000000e+00
1729,-1.178860955606354788e-01
1730,0.000000000000000000e+00
1731,0.000000000000000000e+00
1732,0.000000000000000000e+00
1733,0.000000000000000000e+00
1734,0.000000000000000000e+00
1735,0.000000000000000000e+00
1736,0.000000000000000000e+00
1737,0.000000000000000000e+00
1738,0.000000000000000000e+00
1739,5.735663819502585109e-02
1740,0.000000000000000000e+00
1741,0.000000000000000000e+00
1742,0.000000000000000000e+00
1743,0.000000000000000000e+00
1744,0.000000000000000000e+00
1745,0.000000000000000000e+00
1746,0.000000000000000000e+00
1747,0.000000000000000000e+00
1748,0.000000000000000000e+00
1749,4.014088796664271735e-02
1750,0.000000000000000000e+00
1751,0.000000000000000000e+00
1752,0.000000000000000000e+00
1753,0.000000000000000000e+00
1754,0.000000000000000000e+00
1755,0.000000000000000000e+00
1756,0.000000000000000000e+00
1757,0.000000000000000000e+00
1758,0.000000000000000000e+00
1759,-4.190386775482770471e-02
1760,0.000000000000000000e+00
1761,0.000000000000000000e+00
1762,0.000000000000000000e+00
1763,0.000000000000000000e+00
1764,0.000000000000000000e+00
1765,0.000000000000000000e+00
1766,0.000000000000000000e+00
1767,0.000000000000000000e+00
1768,0.000000000000000000e+00
1769,1.565863362360951638e-01
1770,0.000000000000000000e+00
1771,0.000000000000000000e+00
1772,0.000000000000000000e+00
1773,0.000000000000000000e+00
1774,0.000000000000000000e+00
1775,0.000000000000000000e+00
1776,0.000000000000000000e+00
1777,0.000000000000000000e+00
1778,0.000000000000000000e+00
1779,-3.955883628214777736e-02
1780,0.000000000000000000e+00
1781,0.000000000000000000e+00
1782,0.000000000000000000e+00
1783,0.000000000000000000e+00
1784,0.000000000000000000e+00
1785,0.000000000000000000e+00
1786,0.000000000000000000e+00
1787,0.000000000000000000e+00
1788,0.000000000000000000e+00
1789,6.449818519318734067e-02
1790,0.000000000000000000e+00
1791,0.000000000000000000e+00
1792,0.000000000000000000e+00
1793,0.000000000000000000e+00
1794,0.000000000000000000e+00
1795,0.000000000000000000e+00
1796,0.000000000000000000e+00
1797,0.000000000000000000e+00
1798,0.000000000000000000e+00
1799,7.663436739237186601e-02
1800,0.000000000000000000e+00
1801,0.000000000000000000e+00
1802,0.000000000000000000e+00
1803,0.000000000000000000e+00
1804,0.000000000000000000e+00
1805,0.000000000000000000e+00
1806,0.000000000000000000e+00
1807,0.000000000000000000e+00
1808,0.000000000000000000e+00
1809,-5.782713974307551047e-02
1810,0.000000000000000000e+00
1811,0.000000000000000000e+00
1812,0.000000000000000000e+00
1813,0.000000000000000000e+00
1814,0.000000000000000000e+00
1815,0.000000000000000000e+00
1816,0.000000000000000000e+00
1817,0.000000000000000000e+00
1818,0.000000000000000000e+00
1819,7.758452284008822419e-03
1820,0.000000000000000000e+00
1821,0.000000000000000000e+00
1822,0.000000000000000000e+00
1823,0.000000000000000000e+00
1824,0.000000000000000000e+00
1825,0.000000000000000000e+00
1826,0.000000000000000000e+00
1827,0.000000000000000000e+00
1828,0.000000000000000000e+00
1829,1.971705174711929631e-02
1830,0.000000000000000000e+00
1831,0.000000000000000000e+00
1832,0.000000000000000000e+00
1833,0.000000000000000000e+00
1834,0.000000000000000000e+00
1835,0.000000000000000000e+00
1836,0.000000000000000000e+00
1837,0.000000000000000000e+00
1838,0.000000000000000000e+00
1839,5.990407951190230423e-02
1840,0.000000000000000000e+00
1841,0.000000000000000000e+00
1842,0.000000000000000000e+00
1843,0.000000000000000000e+00
1844,0.000000000000000000e+00
1845,0.000000000000000000e+00
1846,0.000000000000000000e+00
1847,0.000000000000000000e+00
1848,0.000000000000000000e+00
1849,8.356477311705330646e-02
1850,0.000000000000000000e+00
1851,0.000000000000000000e+00
1852,0.000000000000000000e+00
1853,0.000000000000000000e+00
1854,0.000000000000000000e+00
1855,0.000000000000000000e+00
1856,0.000000000000000000e+00
1857,0.000000000000000000e+00
1858,0.000000000000000000e+00
1859,-5.399305016411369562e-02
1860,0.000000000000000000e+00
1861,0.000000000000000000e+00
1862,0.000000000000000000e+00
1863,0.000000000000000000e+00
1864,0.000000000000000000e+00
1865,0.000000000000000000e+00
1866,0.000000000000000000e+00
1867,0.000000000000000000e+00
1868,0.000000000000000000e+00
1869,2.518529831662102980e-02
1870,0.000000000000000000e+00
1871,0.000000000000000000e+00
1872,0.000000000000000000e+00
1873,0.000000000000000000e+00
1874,0.000000000000000000e+00
1875,0.000000000000000000e+00
1876,0.000000000000000000e+00
1877,0.000000000000000000e+00
1878,0.000000000000000000e+00
1879,7.746446989452059062e-02
1880,0.000000000000000000e+00
1881,0.000000000000000000e+00
1882,0.000000000000000000e+00
1883,0.000000000000000000e+00
1884,0.000000000000000000e+00
1885,0.000000000000000000e+00
1886,0.000000000000000000e+00
1887,0.000000000000000000e+00
1888,0.000000000000000000e+00
1889,1.211399576714788234e-01
1890,0.000000000000000000e+00
1891,0.000000000000000000e+00
1892,0.000000000000000000e+00
1893,0.000000000000000000e+00
1894,0.000000000000000000e+00
1895,0.000000000000000000e+00
1896,0.000000000000000000e+00
1897,0.000000000000000000e+00
1898,0.000000000000000000e+00
1899,-5.014399869910611540e-02
1900,0.000000000000000000e+00
1901,0.000000000000000000e+00
1902,0.000000000000000000e+00
1903,0.000000000000000000e+00
1904,0.000000000000000000e+00
1905,0.000000000000000000e+00
1906,0.000000000000000000e+00
1907,0.000000000000000000e+00
1908,0.000000000000000000e+00
1909,-7.979627863246230302e-02
1910,0.000000000000000000e+00
1911,0.000000000000000000e+00
1912,0.000000000000000000e+00
1913,0.000000000000000000e+00
1914,0.000000000000000000e+00
1915,0.000000000000000000e+00
1916,0.000000000000000000e+00
1917,0.000000000000000000e+00
1918,0.000000000000000000e+00
1919,-3.508238525831284399e-02
1920,0.000000000000000000e+00
1921,0.000000000000000000e+00
1922,0.000000000000000000e+00
1923,0.000000000000000000e+00
1924,0.000000000000000000e+00
1925,0.000000000000000000e+00
1926,0.000000000000000000e+00
1927,0.000000000000000000e+00
1928,0.000000000000000000e+00
1929,9.207337650340398361e-02
1930,0.000000000000000000e+00
1931,0.000000000000000000e+00
1932,0.000000000000000000e+00
1933,0.000000000000000000e+00
1934,0.000000000000000000e+00
1935,0.000000000000000000e+00
1936,0.000000000000000000e+00
1937,0.000000000000000000e+00
1938,0.000000000000000000e+00
1939,-1.890854815482076803e-02
1940,0.000000000000000000e+00
1941,0.000000000000000000e+00
1942,0.000000000000000000e+00
1943,0.000000000000000000e+00
1944,0.000000000000000000e+00
1945,0.000000000000000000e+00
1946,0.000000000000000000e+00
1947,0.000000000000000000e+00
1948,0.000000000000000000e+00
1949,-1.543206705938364627e-02
1950,0.000000000000000000e+00
1951,0.000000000000000000e+00
1952,0.000000000000000000e+00
1953,0.000000000000000000e+00
1954,0.000000000000000000e+00
1955,0.000000000000000000e+00
1956,0.000000000000000000e+00
1957,0.000000000000000000e+00
1958,0.000000000000000000e+00
1959,5.427027492827548455e-02
1960,0.000000000000000000e+00
1961,0.000000000000000000e+00
1962,0.000000000000000000e+00
1963,0.000000000000000000e+00
1964,0.000000000000000000e+00
1965,0.000000000000000000e+00
1966,0.000000000000000000e+00
1967,0.000000000000000000e+00
1968,0.000000000000000000e+00
1969,-1.463569731097336957e-01
1970,0.000000000000000000e+00
1971,0.000000000000000000e+00
1972,0.000000000000000000e+00
1973,0.000000000000000000e+00
1974,0.000000000000000000e+00
1975,0.000000000000000000e+00
1976,0.000000000000000000e+00
1977,0.000000000000000000e+00
1978,0.000000000000000000e+00
1979,-9.466742286001088302e-02
1980,0.000000000000000000e+00
1981,0.000000000000000000e+00
1982,0.000000000000000000e+00
1983,0.000000000000000000e+00
1984,0.000000000000000000e+00
1985,0.000000000000000000e+00
1986,0.000000000000000000e+00
1987,0.000000000000000000e+00
1988,0.000000000000000000e+00
1989,6.788742245120100993e-02
1990,0.000000000000000000e+00
1991,0.000000000000000000e+00
1992,0.000000000000000000e+00
1993,0.000000000000000000e+00
1994,0.000000000000000000e+00
1995,0.000000000000000000e+00
1996,0.000000000000000000e+00
1997,0.000000000000000000e+00
1998,0.000000000000000000e+00
1999,2.415889407595992952e-02
2000,0.000000000000000000e+00
2001,0.000000000000000000e+00
2002,0.000000000000000000e+00
2003,0.000000000000000000e+00
2004,0.000000000000000000e+00
2005,0.000000000000000000e+00
2006,0.000000000000000000e+00
2007,0.000000000000000000e+00
2008,0.000000000000000000e+00
2009,-2.591901757779982093e-02
2010,0.000000000000000000e+00
2011,0.000000000000000000e+00
2012,0.000000000000000000e+00
2013,0.000000000000000000e+00
2014,0.000000000000000000e+00
2015,0.000000000000000000e+00
2016,0.000000000000000000e+00
2017,0.000000000000000000e+00
2018,0.000000000000000000e+00
2019,4.355156427874593700e-02
2020,0.000000000000000000e+00
2021,0.000000000000000000e+00
2022,0.000000000000000000e+00
2023,0.000000000000000000e+00
2024,0.000000000000000000e+00
2025,0.000000000000000000e+00
2026,0.000000000000000000e+00
2027,0.000000000000000000e+00
2028,0.000000000000000000e+00
2029,8.205940514960008425e-02
2030,0.000000000000000000e+00
2031,0.000000000000000000e+00
2032,0.000000000000000000e+00
2033,0.000000000000000000e+00
2034,0.000000000000000000e+00
2035,0.000000000000000000e+00
2036,0.000000000000000000e+00
2037,0.000000000000000000e+00
2038,0.000000000000000000e+00
2039,-2.347303295696341954e-02
2040,0.000000000000000000e+00
2041,0.000000000000000000e+00
2042,0.000000000000000000e+00
2043,0.000000000000000000e+00
2044,0.000000000000000000e+00
2045,0.000000000000000000e+00
2046,0.000000000000000000e+00
2047,0.000000000000000000e+00
2048,0.000000000000000000e+00
2049,-3.451053268166005827e-02
2050,0.000000000000000000e+00
2051,0.000000000000000000e+00
2052,0.000000000000000000e+00
2053,0.000000000000000000e+00
2054,0.000000000000000000e+00
2055,0.000000000000000000e+00
2056,0.000000000000000000e+00
2057,0.000000000000000000e+00
2058,0.000000000000000000e+00
2059,-5.805534023922055004e-02
2060,0.000000000000000000e+00
2061,0.000000000000000000e+00
2062,0.000000000000000000e+00
2063,0.000000000000000000e+00
2064,0.000000000000000000e+00
2065,0.000000000000000000e+00
2066,0.000000000000000000e+00
2067,0.000000000000000000e+00
2068,0.000000000000000000e+00
2069,-6.326080701956005026e-02
2070,0.000000000000000000e+00
2071,0.000000000000000000e+00
2072,0.000000000000000000e+00
2073,0.000000000000000000e+00
2074,0.000000000000000000e+00
2075,0.000000000000000000e+00
2076,0.000000000000000000e+00
2077,0.000000000000000000e+00
2078,0.000000000000000000e+00
2079,1.513887327744476916e-02
2080,0.000000000000000000e+00
2081,0.000000000000000000e+00
2082,0.000000000000000000e+00
2083,0.000000000000000000e+00
2084,0.000000000000000000e+00
2085,0.000000000000000000e+00
2086,0.000000000000000000e+00
2087,0.000000000000000000e+00
2088,0.000000000000000000e+00
2089,-4.765354801123613399e-02
2090,0.000000000000000000e+00
2091,0.000000000000000000e+00
2092,0.000000000000000000e+00
2093,0.000000000000000000e+00
2094,0.000000000000000000e+00
2095,0.000000000000000000e+00
2096,0.000000000000000000e+00
2097,0.000000000000000000e+00
2098,0.000000000000000000e+00
2099,5.383274233542787585e-02
2100,0.000000000000000000e+00
2101,0.000000000000000000e+00
2102,0.000000000000000000e+00
2103,0.000000000000000000e+00
2104,0.000000000000000000e+00
2105,0.000000000000000000e+00
2106,0.000000000000000000e+00
2107,0.000000000000000000e+00
2108,0.000000000000000000e+00
2109,-1.854769596422816552e-02
2110,0.000000000000000000e+00
2111,0.000000000000000000e+00
2112,0.000000000000000000e+00
2113,0.000000000000000000e+00
2114,0.000000000000000000e+00
2115,0.000000000000000000e+00
2116,0.000000000000000000e+00
2117,0.000000000000000000e+00
2118,0.000000000000000000e+00
2119,1.914051660251024287e-02
2120,0.000000000000000000e+00
2121,0.000000000000000000e+00
2122,0.000000000000000000e+00
2123,0.000000000000000000e+00
2124,0.000000000000000000e+00
2125,0.000000000000000000e+00
2126,0.000000000000000000e+00
2127,0.000000000000000000e+00
2128,0.000000000000000000e+00
2129,3.124733300874625586e-02
2130,0.000000000000000000e+00
2131,0.000000000000000000e+00
2132,0.000000000000000000e+00
2133,0.000000000000000000e+00
2134,0.000000000000000000e+00
2135,0.000000000000000000e+00
2136,0.000000000000000000e+00
2137,0.000000000000000000e+00
2138,0.000000000000000000e+00
2139,-6.672928003658681710e-03
2140,0.000000000000000000e+00
2141,0.000000000000000000e+00
2142,0.000000000000000000e+00
2143,0.000000000000000000e+00
2144,0.000000000000000000e+00
2145,0.000000000000000000e+00
2146,0.000000000000000000e+00
2147,0.000000000000000000e+00
2148,0.000000000000000000e+00
2149,8.650271150874846646e-03
2150,0.000000000000000000e+00
2151,0.000000000000000000e+00
2152,0.000000000000000000e+00
2153,0.000000000000000000e+00
2154,0.000000000000000000e+00
2155,0.000000000000000000e+00
2156,0.000000000000000000e+00
2157,0.000000000000000000e+00
2158,0.000000000000000000e+00
2159,1.572097491604380060e-01
2160,0.000000000000000000e+00
2161,0.000000000000000000e+00
2162,0.000000000000000000e+00
2163,0.000000000000000000e+00
2164,0.000000000000000000e+00
2165,0.000000000000000000e+00
2166,0.000000000000000000e+00
2167,0.000000000000000000e+00
2168,0.000000000000000000e+00
2169,-4.977773599894379404e-03
2170,0.000000000000000000e+00
2171,0.000000000000000000e+00
2172,0.000000000000000000e+00
2173,0.000000000000000000e+00
2174,0.000000000000000000e+00
2175,0.000000000000000000e+00
2176,0.000000000000000000e+00
2177,0.000000000000000000e+00
2178,0.000000000000000000e+00
2179,5.210894335887445578e-02
2180,0.000000000000000000e+00
2181,0.000000000000000000e+00
2182,0.000000000000000000e+00
2183,0.000000000000000000e+00
2184,0.000000000000000000e+00
2185,0.000000000000000000e+00
2186,0.000000000000000000e+00
2187,0.000000000000000000e+00
2188,0.000000000000000000e+00
2189,4.004536766627909278e-02
2190,0.000000000000000000e+00
2191,0.000000000000000000e+00
2192,0.000000000000000000e+00
2193,0.000000000000000000e+00
2194,0.000000000000000000e+00
2195,0.000000000000000000e+00
2196,0.000000000000000000e+00
2197,0.000000000000000000e+00
2198,0.000000000000000000e+00
2199,9.203267238106343021e-03
2200,0.000000000000000000e+00
2201,0.000000000000000000e+00
2202,0.000000000000000000e+00
2203,0.000000000000000000e+00
2204,0.000000000000000000e+00
2205,0.000000000000000000e+00
2206,0.000000000000000000e+00
2207,0.000000000000000000e+00
2208,0.000000000000000000e+00
2209,4.449402943628791296e-02
2210,0.000000000000000000e+00
2211,0.000000000000000000e+00
2212,0.000000000000000000e+00
2213,0.000000000000000000e+00
2214,0.000000000000000000e+00
2215,0.000000000000000000e+00
2216,0.000000000000000000e+00
2217,0.000000000000000000e+00
2218,0.000000000000000000e+00
2219,-2.741006480967370096e-02
2220,0.000000000000000000e+00
2221,0.000000000000000000e+00
2222,0.000000000000000000e+00
2223,0.000000000000000000e+00
2224,0.000000000000000000e+00
2225,0.000000000000000000e+00
2226,0.000000000000000000e+00
2227,0.000000000000000000e+00
2228,0.000000000000000000e+00
2229,-2.608796107895807945e-02
2230,0.000000000000000000e+00
2231,0.000000000000000000e+00
2232,0.000000000000000000e+00
2233,0.000000000000000000e+00
2234,0.000000000000000000e+00
2235,0.000000000000000000e+00
2236,0.000000000000000000e+00
2237,0.000000000000000000e+00
2238,0.000000000000000000e+00
2239,4.534615598582764778e-02
2240,0.000000000000000000e+00
2241,0.000000000000000000e+00
2242,0.000000000000000000e+00
2243,0.000000000000000000e+00
2244,0.000000000000000000e+00
2245,0.000000000000000000e+00
2246,0.000000000000000000e+00
2247,0.000000000000000000e+00
2248,0.000000000000000000e+00
2249,-6.353365226309003189e-02
2250,0.000000000000000000e+00
2251,0.000000000000000000e+00
2252,0.000000000000000000e+00
2253,0.000000000000000000e+00
2254,0.000000000000000000e+00
2255,0.000000000000000000e+00
2256,0.000000000000000000e+00
2257,0.000000000000000000e+00
2258,0.000000000000000000e+00
2259,-1.545268537663680407e-02
2260,0.000000000000000000e+00
2261,0.000000000000000000e+00
2262,0.000000000000000000e+00
2263,0.000000000000000000e+00
2264,0.000000000000000000e+00
2265,0.000000000000000000e+00
2266,0.000000000000000000e+00
2267,0.000000000000000000e+00
2268,0.000000000000000000e+00
2269,6.485834905907941761e-02
2270,0.000000000000000000e+00
2271,0.000000000000000000e+00
2272,0.000000000000000000e+00
2273,0.000000000000000000e+00
2274,0.000000000000000000e+00
2275,0.000000000000000000e+00
2276,0.000000000000000000e+00
2277,0.000000000000000000e+00
2278,0.000000000000000000e+00
2279,6.155367704355029640e-02
2280,0.000000000000000000e+00
2281,0.000000000000000000e+00
2282,0.000000000000000000e+00
2283,0.000000000000000000e+00
2284,0.000000000000000000e+00
2285,0.000000000000000000e+00
2286,0.000000000000000000e+00
2287,0.000000000000000000e+00
2288,0.000000000000000000e+00
2289,5.874664044308833266e-02
2290,0.000000000000000000e+00
2291,0.000000000000000000e+00
2292,0.000000000000000000e+00
2293,0.000000000000000000e+00
2294,0.000000000000000000e+00
2295,0.000000000000000000e+00
2296,0.000000000000000000e+00
2297,0.000000000000000000e+00
2298,0.000000000000000000e+00
2299,2.921940115552524100e-02
2300,0.000000000000000000e+00
2301,0.000000000000000000e+00
2302,0.000000000000000000e+00
2303,0.000000000000000000e+00
2304,0.000000000000000000e+00
2305,0.000000000000000000e+00
2306,0.000000000000000000e+00
2307,0.000000000000000000e+00
2308,0.000000000000000000e+00
2309,-2.233564480118181012e-02
2310,0.000000000000000000e+00
2311,0.000000000000000000e+00
2312,0.000000000000000000e+00
2313,0.000000000000000000e+00
2314,0.000000000000000000e+00
2315,0.000000000000000000e+00
2316,0.000000000000000000e+00
2317,0.000000000000000000e+00
2318,0.000000000000000000e+00
2319,-6.037741194932503414e-02
2320,0.000000000000000000e+00
2321,0.000000000000000000e+00
2322,0.000000000000000000e+00
2323,0.000000000000000000e+00
2324,0.000000000000000000e+00
2325,0.000000000000000000e+00
2326,0.000000000000000000e+00
2327,0.000000000000000000e+00
2328,0.000000000000000000e+00
2329,5.627356839927911275e-02
2330,0.000000000000000000e+00
2331,0.000000000000000000e+00
2332,0.000000000000000000e+00
2333,0.000000000000000000e+00
2334,0.000000000000000000e+00
2335,0.000000000000000000e+00
2336,0.000000000000000000e+00
2337,0.000000000000000000e+00
2338,0.000000000000000000e+00
2339,1.765540825604458401e-03
2340,0.000000000000000000e+00
2341,0.000000000000000000e+00
2342,0.000000000000000000e+00
2343,0.000000000000000000e+00
2344,0.000000000000000000e+00
2345,0.000000000000000000e+00
2346,0.000000000000000000e+00
2347,0.000000000000000000e+00
2348,0.000000000000000000e+00
2349,-1.944406517045718652e-02
2350,0.000000000000000000e+00
2351,0.000000000000000000e+00
2352,0.000000000000000000e+00
2353,0.000000000000000000e+00
2354,0.000000000000000000e+00
2355,0.000000000000000000e+00
2356,0.000000000000000000e+00
2357,0.000000000000000000e+00
2358,0.000000000000000000e+00
2359,-1.869931467607111042e-02
2360,0.000000000000000000e+00
2361,0.000000000000000000e+00
2362,0.000000000000000000e+00
2363,0.000000000000000000e+00
2364,0.000000000000000000e+00
2365,0.000000000000000000e+00
2366,0.000000000000000000e+00
2367,0.000000000000000000e+00
2368,0.000000000000000000e+00
2369,-2.043338977533722470e-02
2370,0.000000000000000000e+00
2371,0.000000000000000000e+00
2372,0.000000000000000000e+00
2373,0.000000000000000000e+00
2374,0.000000000000000000e+00
2375,0.000000000000000000e+00
2376,0.000000000000000000e+00
2377,0.000000000000000000e+00
2378,0.000000000000000000e+00
2379,-3.572289929339305531e-02
2380,0.000000000000000000e+00
2381,0.000000000000000000e+00
2382,0.000000000000000000e+00
2383,0.000000000000000000e+00
2384,0.000000000000000000e+00
2385,0.000000000000000000e+00
2386,0.000000000000000000e+00
2387,0.000000000000000000e+00
2388,0.000000000000000000e+00
2389,2.230824868302442449e-02
2390,0.000000000000000000e+00
2391,0.000000000000000000e+00
2392,0.000000000000000000e+00
2393,0.000000000000000000e+00
2394,0.000000000000000000e+00
2395,0.000000000000000000e+00
2396,0.000000000000000000e+00
2397,0.000000000000000000e+00
2398,0.000000000000000000e+00
2399,-1.912549775861966186e-02
2400,0.000000000000000000e+00
2401,0.000000000000000000e+00
2402,0.000000000000000000e+00
2403,0.000000000000000000e+00
2404,0.000000000000000000e+00
2405,0.000000000000000000e+00
2406,0.000000000000000000e+00
2407,0.000000000000000000e+00
2408,0.000000000000000000e+00
2409,1.296848118173127284e-01
2410,0.000000000000000000e+00
2411,0.000000000000000000e+00
2412,0.000000000000000000e+00
2413,0.000000000000000000e+00
2414,0.000000000000000000e+00
2415,0.000000000000000000e+00
2416,0.000000000000000000e+00
2417,0.000000000000000000e+00
2418,0.000000000000000000e+00
2419,-9.221530097693211511e-03
2420,0.000000000000000000e+00
2421,0.000000000000000000e+00
2422,0.000000000000000000e+00
2423,0.000000000000000000e+00
2424,0.000000000000000000e+00
2425,0.000000000000000000e+00
2426,0.000000000000000000e+00
2427,0.000000000000000000e+00
2428,0.000000000000000000e+00
2429,-9.718713593779980398e-02
2430,0.000000000000000000e+00
2431,0.000000000000000000e+00
2432,0.000000000000000000e+00
2433,0.000000000000000000e+00
2434,0.000000000000000000e+00
2435,0.000000000000000000e+00
2436,0.000000000000000000e+00
2437,0.000000000000000000e+00
2438,0.000000000000000000e+00
2439,-2.806420392241944575e-02
2440,0.000000000000000000e+00
2441,0.000000000000000000e+00
2442,0.000000000000000000e+00
2443,0.000000000000000000e+00
2444,0.000000000000000000e+00
2445,0.000000000000000000e+00
2446,0.000000000000000000e+00
2447,0.000000000000000000e+00
2448,0.000000000000000000e+00
2449,1.260669442891036440e-01
2450,0.000000000000000000e+00
2451,0.000000000000000000e+00
2452,0.000000000000000000e+00
2453,0.000000000000000000e+00
2454,0.000000000000000000e+00
2455,0.000000000000000000e+00
2456,0.000000000000000000e+00
2457,0.000000000000000000e+00
2458,0.000000000000000000e+00
2459,-2.217881937033198969e-02
2460,0.000000000000000000e+00
2461,0.000000000000000000e+00
2462,0.000000000000000000e+00
2463,0.000000000000000000e+00
2464,0.000000000000000000e+00
2465,0.000000000000000000e+00
2466,0.000000000000000000e+00
2467,0.000000000000000000e+00
2468,0.000000000000000000e+00
2469,9.191764636745837491e-02
2470,0.000000000000000000e+00
2471,0.000000000000000000e+00
2472,0.000000000000000000e+00
2473,0.000000000000000000e+00
2474,0.000000000000000000e+00
2475,0.000000000000000000e+00
2476,0.000000000000000000e+00
2477,0.000000000000000000e+00
2478,0.000000000000000000e+00
2479,4.433753485828285240e-02
2480,0.000000000000000000e+00
2481,0.000000000000000000e+00
2482,0.000000000000000000e+00
2483,0.000000000000000000e+00
2484,0.000000000000000000e+00
2485,0.000000000000000000e+00
2486,0.000000000000000000e+00
2487,0.000000000000000000e+00
2488,0.000000000000000000e+00
2489,-8.511346147982948307e-03
2490,0.000000000000000000e+00
2491,0.000000000000000000e+00
2492,0.000000000000000000e+00
2493,0.000000000000000000e+00
2494,0.000000000000000000e+00
2495,0.000000000000000000e+00
2496,0.000000000000000000e+00
2497,0.000000000000000000e+00
2498,0.000000000000000000e+00
2499,7.645483446723964904e-02
2500,8.006433707805421518e-01
2501,4.010300544591661742e-01
2502,6.672133302470875105e-01
2503,1.360412241424809210e+00
2504,9.956553990927154152e-02
2505,8.797254101697403461e-02
2506,3.345900167110520962e-01
2507,1.315428500251813348e+00
2508,1.010899507426747501e+00
2509,1.572024013459984992e+01
